{
  "project_info": {
    "project_number": "634386398798",
    "firebase_url": "https://kccp-a4bd9.firebaseio.com",
    "project_id": "kccp-a4bd9",
    "storage_bucket": "kccp-a4bd9.appspot.com"
  },
  "client": [
    {
      "client_info": {
        "mobilesdk_app_id": "1:634386398798:android:d8941acf196c56e0",
        "android_client_info": {
          "package_name": "com.example.androideatit"
        }
      },
      "oauth_client": [
        {
          "client_id": "634386398798-sveik4sjso7udvln7b32aufldvrgiolo.apps.googleusercontent.com",
          "client_type": 1,
          "android_info": {
            "package_name": "com.example.androideatit",
            "certificate_hash": "889ab56c678b0aafb2465a7e38e4c15fddbc4f0a"
          }
        },
        {
          "client_id": "634386398798-pk1tprrpi0eiduuts4mdqelpj74soob5.apps.googleusercontent.com",
          "client_type": 3
        }
      ],
      "api_key": [
        {
          "current_key": "AIzaSyDFcPp-gjYQt47ay7GQ-or3xdQdpKBddO4"
        }
      ],
      "services": {
        "appinvite_service": {
          "other_platform_oauth_client": [
            {
              "client_id": "634386398798-pk1tprrpi0eiduuts4mdqelpj74soob5.apps.googleusercontent.com",
              "client_type": 3
            }
          ]
        }
      }
    }
  ],
  "configuration_version": "1"
}